Skills,Count
e,1186
com,1158
act,1110
IDE,1084
sci,1019
vis,911
SES,890
python,843
machine learn,729
OSI,719
equal,653
data science,633
position,612
statistical,539
level,505
computer science,486
medical,486
industry,482
ERP,462
API,374
operations,364
SSIS,334
data analysis,303
invest,270
read,252
physical,237
equity,236
data visualization,223
pipelines,207
deep learning,204
activities,203
SSO,195
artificial intelligence,192
safe,191
programming language,185
community,183
GIS,183
disabilities,179
ARM,171
natural,171
job description,168
e tool,165
case,158
scalable,156
work environment,156
San,154
data engineering,152
consumer,151
reach,136
data mining,133
software development,131
natural language processing,122
software engineering,120
business intelligence,110
data pipeline,108
CTA,107
business partner,102
ETL,102
statistical modeling,98
data management,97
power bi,94
GCP,93
analytical skill,91
data quality,91
relational database,90
time series,86
project management,86
prediction,80
data modeling,79
accessible,78
predictive modeling,68
innovate,67
computer vision,66
HEOR,65
business process,65
collaboratively,63
data structure,61
diversity and inclusion,60
statistical method,60
clinical trial,60
translating,60
marketplace,59
business requirement,59
critical thinking,59
ordinance,58
supply chain,57
customer experience,57
employee assistance program,56
version control,55
product management,54
use cases,53
data collection,52
life science,52
security clearance,52
verbal communication skill,51
time management,50
cloud computing,50
predictive analytic,49
information technology,49
eye,48
business analytic,47
process improvement,46
information system,46
financial service,45
digital transformation,45
data architecture,44
quality control,44
feature engineering,43
machine learning method,43
enthusiasm,42
MBA,41
technology solution,40
google cloud,40
data infrastructure,39
technical support,39
production system,38
code review,36
quality assurance,35
problem solve,35
mental health,35
data lake,35
user experience,34
stakeholder management,34
business operation,33
quantitative analysis,33
OCR,33
research and development,33
intellectual curiosity,32
reinforcement learning,32
experimental design,32
blog,32
ADAM,32
business acumen,32
federal law,32
organizational skill,31
data governance,31
customer service,30
data extraction,30
military service,30
data ingestion,30
microsoft office,30
data system,29
business development,29
business intelligence tool,29
economy,29
data integration,28
query language,28
willingness to learn,28
language model,28
data manipulation,27
experience design,27
web service,27
unsupervised learning,27
fix,26
EMR,26
business analysis,26
jupyter notebook,26
business model,26
causal inference,26
resource management,25
career development,25
risk management,25
customer success,25
medical device,24
management system,24
financial institution,24
BERT,24
cloud service,24
health system,24
html,24
data warehousing,24
product design,23
recommender system,23
risk analysis,23
statistical software,23
data transformation,22
regulatory compliance,22
linear model,22
ASA,22
logistic regression,21
professional service,21
data stream,21
graph database,21
s key,20
EDA,20
solution design,20
data integrity,20
medical record,20
anomaly detection,20
client service,20
industrial engineering,19
drug discovery,19
physical science,19
technical documentation,19
IBM,19
revenue growth,19
text mining,19
risk analytic,19
population health,18
CRM,18
detail orient,18
computational linguistic,18
GPU,18
analytical technique,18
decision make,18
HDFS,18
marketing analytic,18
app store,18
employee benefit,18
LSTM,18
religious belief,18
application development,18
network analysis,17
business strategy,17
ICD,17
relationship management,17
model validation,16
medicinal chemistry,16
continuous integration,16
loss mitigation,16
electrical engineering,16
conceptualizing,16
public health,16
image processing,16
aws sagemaker,16
IAM,16
apache spark,16
RNN,15
neurological,15
trend analysis,15
strategic partnership,15
apply statistic,15
customer engagement,15
mobile app,15
scientific method,15
return on investment,15
product strategy,15
hosts,15
value creation,15
market intelligence,15
computational biology,15
google analytic,15
google play,15
SEO,14
microsoft sql server,14
linear algebra,14
XML,14
digital marketing,14
propels,14
restful api,14
secret clearance,14
probability theory,14
process due,14
ADME,14
pattern recognition,14
actuarial science,14
database design,14
advanced mathematic,14
data element,14
pet insurance,14
information management,14
product lifecycle,14
bayesian statistic,13
natural science,13
computer engineering,13
recommendation engine,13
talent acquisition,13
data store,13
system design,13
personalized medicine,13
medical research,13
3d modeling,13
health administration,13
software development life cycle,13
clinical research,13
management information system,12
data security,12
quality improvement,12
gradient boost,12
STD,12
rapid prototyping,12
law enforcement,12
asset management,12
model building,12
amazon web service,12
knowledge base,12
data discovery,12
linear regression,12
survival analysis,11
statistical inference,11
public speak,11
value proposition,11
software design,11
build pipeline,11
object detection,11
microsoft azure,11
information retrieval,11
web application,11
research paper,11
service provider,11
financial analysis,11
sql server reporting service,10
microsoft access,10
support vector machine,10
research experience,10
user research,10
venture capital,10
artificial neural network,10
intellectual property,10
software system,10
state law,10
cart,10
product innovation,10
functional requirement,10
white paper,10
spring framework,10
pdf,10
database application,10
business case,10
SOAP,10
reporting tool,10
product line,10
technical service,10
technical information,10
XSL,9
scientific computing,9
microsoft excel,9
sas macro,9
change management,9
team build,9
XSLT,9
operating system,9
data steward,9
social science,9
service delivery,9
database system,9
domain model,9
decision tree learn,9
analytic application,9
design thinking,9
technical writing,9
development environment,9
algorithm design,9
feature selection,9
primary care,9
sql server management studio,9
HRIS,9
source code,9
financial management,9
solution architecture,9
remote sensing,9
EVs,9
build tool,9
cost containment,8
acquisition process,8
system architecture,8
cluster analysis,8
employee engagement,8
computing platform,8
confidence interval,8
operational efficiency,8
deep learning method,8
consultative approach,8
agile project,8
json web token,8
descriptive statistic,8
cloud infrastructure,8
team leadership,8
healthcare analytic,8
performance metric,8
hedge fund,8
diversity program,8
management consulting,8
production code,8
personal finance,8
product requirement,8
compliance requirement,8
data domain,8
user interface,8
software architecture,8
financial risk,8
inventory management,8
continuous monitoring,8
continuous auditing,8
solution delivery,8
executive leadership,8
amazon redshift,8
financial asset,8
sign language,8
business administration,8
unit testing,8
object model,8
financial analytic,8
probability distribution,8
strategic thinking,8
image analysis,8
value chain,7
data validation,7
linear programming,7
CPT,7
medical imaging,7
people management,7
profit margin,7
convolutional neural network,7
information science,7
family planning,7
low latency,7
regulatory requirement,7
microsoft word,7
corporate governance,7
FSP,7
statistical package,7
data center,7
NDC,7
regular expression,7
market value,7
data capture,7
technology assessment,7
project documentation,7
financial risk management,7
project planning,7
open source software,7
constructive feedback,7
azure machine learn,7
end system,7
social network,7
job scheduler,7
financial market,7
spatial analysis,7
on prem,7
computer programming,7
leadership development,7
agile software development,6
AIML,6
diversity awareness,6
presentation program,6
insurance product,6
management process,6
performance tuning,6
principal component analysis,6
internet service,6
mutual fund,6
international law,6
network architecture,6
enterprise architecture,6
english language,6
health care industry,6
employment contract,6
employee stock option,6
operational system,6
IRB,6
active learning,6
active listening,6
patient safety,6
marketing mix,6
CMM,6
peer review,6
drug development,6
key performance indicator,6
signal processing,6
intelligence analysis,6
application service,6
behavioral health,6
relationship building,6
technical analysis,6
database management system,6
computational statistic,6
profitable growth,6
cyber security,6
program management,6
target audience,6
real estate,6
remedial action,6
random variable,6
quantitative research,6
core product,6
corporate development,6
quality management,6
programming tool,6
cross product,6
substance abuse,6
customer support,6
component analysis,6
team orient,6
behavioral science,6
speech recognition,6
social security,6
root cause analysis,6
project scope,6
research design,5
integration testing,5
medical terminology,5
health science,5
creative problem solve,5
aws glue,5
capital market,5
crisis management,5
sentiment analysis,5
public relation,5
public cloud,5
public affair,5
customer retention,5
customer satisfaction,5
strategic planning,5
strategic roadmap,5
natural language understanding,5
training and development,5
human capital,5
infectious disease,5
academic paper,5
visual analytic,5
conversational ai,5
computational chemistry,5
health equity,5
knowledge graph,5
forward plan,5
biomedical engineering,5
market research,5
google sheet,5
regression analysis,5
robotic process automation,5
geospatial analysis,5
interpersonal communication,5
marketing effectiveness,5
business logic,5
marketing mix modeling,5
banking service,5
master data management,5
scikit learn,5
azure databrick,5
health care system,5
continuous delivery,5
listening skill,5
continuous quality improvement,5
business savvy,5
system software,5
electronic medical record,5
account management,5
empirical research,5
asset class,5
agile methodology,5
operational excellence,5
pharmacy operation,5
text parsing,5
process optimization,5
algorithmic trading,5
system analysis,5
dimensional modeling,5
operation research,5
digital asset,5
digital advertising,5
technical debt,5
supply chain management,5
agile project management,5
data file,5
technical report,4
professional development program,4
program evaluation,4
web navigation,4
adobe analytic,4
bayesian inference,4
bayesian network,4
performance monitor,4
text classification,4
video processing,4
geospatial dataset,4
design review,4
lifecycle management,4
deal with ambiguity,4
collaborative filtering,4
linux command,4
collaborative research,4
request form,4
generalized linear model,4
demand forecasting,4
acceptance testing,4
CRFs,4
service level,4
incident response,4
business system,4
shell script,4
press release,4
service orientation,4
digital signal,4
call center,4
cancer care,4
service management,4
ARIMA,4
high performance computing,4
workflow management,4
business concept,4
infrastructure as code,4
predictive maintenance,4
business process improvement,4
case analysis,4
health economic,4
cash flow,4
interface design,4
casualty insurance,4
internal documentation,4
internal pay equity,4
batch processing,4
development support,4
medical science,4
QMS,4
emotional intelligence,4
content creation,4
top secret clearance,4
multivariate analysis,4
sustainability initiative,4
financial forecasting,4
achievement drive,4
public service,4
conflict resolution,4
employment application,4
data mapping,4
stock market,4
probability and statistic,4
quality management system,4
SIEM,4
essential service,4
credit risk,4
data consistency,4
mathematical optimization,4
configuration management,4
mathematical modeling,4
structural biology,4
stream processing,4
environmental science,4
financial technology,4
financial system,4
electric vehicle,4
qualitative analysis,3
network management,3
stochastic optimization,3
mobile marketing,3
project stakeholder,3
intelligent system,3
qualitative research,3
search algorithm,3
test suite,3
microsoft team,3
weight loss,3
strategic management,3
open access,3
technology strategy,3
sustainability report,3
online advertising,3
technology roadmap,3
workforce plan,3
proprietary trading,3
process management,3
molecular dynamic,3
information technology management,3
multivariate statistic,3
transformation rule,3
naive bayes,3
molecular biology,3
pair programming,3
scenario analysis,3
mechanical engineering,3
organizational performance,3
query performance,3
remote monitoring,3
personal security,3
product testing,3
system requirement,3
virtual machine,3
virtual environment,3
investment banking,3
new product development,3
performance management,3
performance improvement,3
manufacturing execution system,3
maternal health,3
standard operating procedure,3
material science,3
system integration,3
optimization software,3
life coaching,3
medical management,3
microsoft 365,3
web scraping,3
topic model,3
risk mitigation,3
patient monitoring,3
revenue management,3
revenue cycle management,3
quality monitoring,3
web framework,3
process mining,3
laboratory information management system,3
land use,3
web development,3
latent semantic indexing,3
statistical theory,3
stakeholder engagement,3
zoom room,3
identity and access management,3
follow direction,3
customer analytic,3
custom software,3
employment compliance,3
engagement skill,3
build process,3
EMC,3
feature film,3
health assessment,3
DNS,3
architectural pattern,3
cloud database,3
business process management,3
architectural design,3
health and human service,3
customer insight,3
file format,3
customer relationship management,3
QGIS,3
financial accounting,3
e commerce,3
cable modem,3
financial instrument,3
game theory,3
financial modeling,3
ability to meet deadline,3
financial planning,3
SNS,3
database administration,3
gesture recognition,3
database query,3
decision support system,3
enterprise search,3
family support,3
expert system,3
collaboration tool,3
front end,3
bayesian modeling,3
CSS,3
community health,3
LOINC,3
dimensionality reduction,3
cloud storage,3
healthcare service,3
ANOVA,3
human service,3
analytical thinking,3
direct marketing,3
error analysis,3
cloud engineering,3
Blast,3
fleet management,3
chemical structure,3
CMS,3
case management,3
content development,3
extreme programming,3
application deployment,3
docker container,3
CCAR,3
aerospace engineering,3
aws kinesis,2
personal integrity,2
behavioral pattern,2
payment processing,2
payment system,2
aws lambda,2
azure cognitive service,2
document processing,2
disease surveillance,2
behavioral modeling,2
earth science,2
statistical signal processing,2
phase implementation,2
dispute resolution,2
pension fund,2
performance review,2
battery pack,2
supply chain planning,2
strategic business unit,2
system biology,2
natural language generation,2
analytical testing,2
technical management,2
environmental protection,2
apache airflow,2
technical communication,2
apache kafka,2
team management,2
api gateway,2
task management,2
numerical analysis,2
tag management,2
system integration testing,2
ensemble method,2
open source programming language,2
strategic communication,2
engineering support,2
synthetic biology,2
assistive technology,2
sql manager,2
supply chain optimization,2
supply and demand,2
oracle database,2
order management system,2
organic growth,2
audio analysis,2
electronic component,2
automotive industry,2
autonomous vehicle,2
avian ecology,2
physical therapy,2
diagnostic analysis,2
sprint planning,2
spring boot,2
quantum technology,2
security control,2
security system,2
cost management,2
quality drive,2
crime prevention,2
quality assessment,2
crisis intervention,2
semantic search,2
cross functional collaboration,2
semantic web,2
current asset,2
custom event,2
serverless computing,2
protein engineering,2
proprietary hardware,2
cyber operation,2
control system,2
security administration,2
secure environment,2
renewable energy,2
revenue stream,2
rheumatoid arthritis,2
clinical experience,2
resource description framework,2
resource allocation,2
cloud technology,2
requirement specification,2
remote storage,2
secondary education,2
complex network,2
civic engagement,2
satellite imagery,2
science communication,2
computer keyboard,2
computer literacy,2
scientific literature,2
service desk,2
project selection,2
cancer treatment,2
prior authorization,2
business case analysis,2
process model,2
build control,2
software testing,2
amazon s3,2
biomedical informatic,2
private cloud,2
biological database,2
product demonstration,2
speech analytic,2
speech processing,2
digital signal processing,2
digital technology,2
precision marketing,2
practice management,2
directory service,2
software design pattern,2
depth perception,2
data compression,2
database marketing,2
set construction,2
business transformation,2
business sense,2
simulation software,2
data reduction,2
data warehouse appliance,2
database analysis,2
business process model and notation,2
business continuity,2
business process model,2
database schema,2
decision model,2
product quality,2
business process automation,2
delivery focus,2
product leadership,2
technical training,2
enterprise integration,2
functional design,2
investment decision,2
inventory control,2
greenhouse gas,2
PCI,2
food science,2
market trend,2
graph theory,2
invoice processing,2
video capture,2
ip address,2
market analysis,2
version control software,2
veterinary medicine,2
GDAL,2
foreign policy,2
validation protocol,2
web engineering,2
DTC,2
web mapping,2
marketing communication,2
utilization management,2
international business,2
user role,2
user preference,2
handwriting recognition,2
user interface design,2
lead generation,2
urban planning,2
internal communication,2
interdisciplinary collaboration,2
financial trading,2
SQA,2
format conversion,2
graph algorithm,2
trust company,2
genetic algorithm,2
goal set,2
game design,2
visual design,2
language barrier,2
visual acuity,2
GLP,2
genetic mutation,2
job interview,2
language disorder,2
global leadership,2
liability insurance,2
global health,2
lean six sigma,2
visual communication,2
virtual team,2
fundamental science,2
virtual reality,2
load testing,2
logical reasoning,2
functional training,2
google doc,2
warehouse operation,2
loyalty marketing,2
loyalty program,2
water resource,2
google tag manager,2
HBSS,2
maintain code,2
manage code,2
web analytic,2
fourier transform,2
intellectual property portfolio,2
web platform,2
microsoft planner,2
meta data management,2
aerospace industry,2
inference engine,2
information processing,2
medicare advantage,2
field testing,2
export administration regulation,2
federal aviation administration,2
heavy equipment,2
mobile device,2
tool management,2
iat level ii certification,2
acute care,2
adaptive control,2
feature detection,2
family tree,2
mobile application development,2
household product,2
human in the loop,2
advertising campaign,2
time complexity,2
accounting software,2
BPM,2
trading strategy,2
web traffic,2
amazon athena,2
workplace safety,2
impact assessment,2
idea generation,2
test automation,2
monitor result,2
money management,2
test case,2
molecular mechanic,2
threat detection,2
test market,2
health risk,2
molecular diagnostic,2
smart grid,1
risk management framework,1
wealth management,1
business process outsourcing,1
risk governance,1
clinical document architecture,1
Alice,1
six sigma certification,1
clinical informatic,1
clinical practice,1
smoking cessation,1
capability maturity model,1
water quality,1
workforce management,1
workplace relationship,1
warehouse management system,1
warehouse management,1
vital sign,1
business writing,1
search engine optimization,1
service design,1
capability maturity model integration,1
change advisory,1
wildlife management,1
weibull distribution,1
security strategy,1
security software,1
capital expenditure,1
cell biology,1
web tool,1
web portal,1
security awareness,1
category management,1
category growth,1
search advertising,1
web project,1
case report form,1
web server,1
secondary market,1
self awareness,1
self starter,1
web page,1
work quickly,1
clinical decision support,1
climate modeling,1
workflow automation,1
claim investigation,1
CPLEX,1
web browser,1
civil engineering,1
capital allocation,1
child protection,1
senior living,1
safety principle,1
web design,1
sample size determination,1
sap functional,1
wireless communication,1
semantic analysis,1
social listening,1
amazon quicksight,1
social marketing,1
audience segmentation,1
atlas ti,1
support colleague,1
supply chain risk management,1
atmospheric physics,1
atmospheric science,1
academic integrity,1
academic achievement,1
abstraction layer,1
succession planning,1
translational research,1
student service,1
assortment optimization,1
transportation management system,1
auditing standard,1
automate machine learn,1
uncertainty analysis,1
autonomous system,1
uncertainty quantification,1
Tempus,1
strategic leadership,1
storage system,1
storage device,1
asynchronous communication,1
action orient,1
visual basic,1
team effectiveness,1
amino acid,1
alternative education,1
analytical procedure,1
technical savvy,1
anti money laundering,1
apache beam,1
technical curiosity,1
algorithm analysis,1
technical acumen,1
api design,1
api management,1
system administration,1
tax sale,1
application architecture,1
thermal management,1
system support,1
application security,1
apply mathematic,1
system model,1
time horizon,1
archival research,1
asset protection,1
aviation safety,1
stochastic process,1
SPARQL,1
soil mechanic,1
speech synthesis,1
big box store,1
virtual event,1
binary tree,1
source language,1
technology research,1
HAZWOPER,1
block design,1
virtual office,1
boolean search,1
virtual private cloud,1
user feedback,1
breast cancer,1
software development methodology,1
virtual training,1
software deployment,1
GPS,1
software bug,1
software as a service,1
visual art,1
social structure,1
social skill,1
HCM,1
speech technology,1
video on demand,1
beverage product,1
aws cloudformation,1
SAML,1
statistical thinking,1
utility function,1
azure blob storage,1
azure cloud service,1
statistical learning theory,1
azure monitor,1
back end,1
state machine,1
basic research,1
PMI,1
star schema,1
stakeholder requirement,1
P&L,1
variance analysis,1
LAMMPS,1
behavioral analytic,1
staff management,1
verification and validation,1
JMS,1
cloud application,1
project proposal,1
cloud development,1
medical writing,1
metadata standard,1
microbial ecology,1
feature extraction,1
factor analysis,1
facial recognition,1
facebook insight,1
mixed model,1
external relation,1
mobile banking,1
expense management,1
executive coaching,1
evidence analysis,1
molecular oncology,1
motion capture,1
multiple model,1
merchandise planning,1
file management,1
retirement planning,1
file transfer,1
flow cytometry,1
material handling,1
flood insurance,1
flight testing,1
mathematical logic,1
mathematical programming,1
mathematical science,1
matrix algebra,1
mechanical aptitude,1
financial statement,1
medical case management,1
medical diagnosis,1
medical image analysis,1
financial engineering,1
medical oncology,1
event management,1
ethical principle,1
music industry,1
ethical conduct,1
enterprise service bus,1
new relic,1
non profit organization,1
nonlinear regression,1
nursing informatic,1
nvidia cuda,1
enterprise risk management,1
object orient programming,1
object recognition,1
occupational safety and health,1
occupational safety and health administration,1
office automation,1
on the job training,1
online marketing,1
online pharmacy,1
environmental engineering,1
network service,1
network security,1
net promoter score,1
establish trust,1
name entity recognition,1
error message,1
equity method,1
natural resource management,1
epic clarity,1
environmental resource management,1
network science,1
network element,1
network engineering,1
network infrastructure,1
network intelligence,1
environmental health,1
network model,1
mass spectrometry,1
fluid dynamic,1
marketing strategy,1
google optimize,1
intelligence agency,1
health care benefit,1
internal auditing,1
hazard identification,1
growth strategy,1
international organization,1
internet of thing,1
gross misdemeanor,1
internet service provider,1
gromacs,1
green building,1
it service management,1
javascript framework,1
grant writing,1
joint venture,1
health informatic,1
health information management,1
intellectual capital,1
hl7 v2,1
immune disorder,1
income approach,1
human intelligence,1
information architecture,1
information infrastructure,1
hl7 v3,1
information technology consulting,1
health information technology,1
heat transfer,1
infrastructure architecture,1
insider threat,1
health policy,1
integer programming,1
integral calculus,1
google slide,1
know your customer,1
marketing optimization,1
google meet,1
fossil fuel,1
management style,1
manufacturing process,1
marine biology,1
foreign language,1
market profile,1
food service,1
market risk,1
market segmentation,1
market share,1
food safety,1
marketing automation,1
marketing channel,1
focus group,1
fluid mechanic,1
fraud investigation,1
machine vision,1
front office,1
lifelong learning,1
knowledge discovery,1
knowledge management,1
global management,1
geological survey,1
genetic testing,1
general insurance,1
gene therapy,1
functional programming,1
gap analysis,1
link analysis,1
furniture assembly,1
live streaming,1
long term care,1
long term care insurance,1
enrollment management,1
open database connectivity,1
open standard,1
core service,1
data annotation,1
image segmentation,1
d3 js,1
cyber risk,1
property right,1
proprietary software,1
protocol buffer,1
public law,1
public policy,1
cultural exchange,1
critical care,1
creative thinking,1
cost of capital,1
corporate security,1
coronary artery disease,1
project management process,1
project implementation,1
project evaluation,1
productivity software,1
product lifecycle management,1
deductive reasoning,1
decision analysis,1
debt consolidation,1
production planning,1
productivity improvement,1
professional communication,1
data conversion,1
professional responsibility,1
program development,1
data table,1
data interface,1
progress report,1
project charter,1
quality procedure,1
control theory,1
deployment project,1
quantum computing,1
composite design,1
component service,1
reliability engineering,1
competitor analysis,1
remote patient monitoring,1
commercial insurance,1
command line interface,1
collective bargaining,1
cognitive science,1
research report,1
cloud native computing,1
resource planning,1
responsive web design,1
restaurant operation,1
cloud host,1
computational fluid dynamic,1
computational geometry,1
computational mathematic,1
consumer lending,1
query optimization,1
contingency plan,1
question answer,1
content management,1
content design,1
content analysis,1
real estate finance,1
regulatory filing,1
real estate investment,1
conference proceeding,1
computer terminal,1
reference architecture,1
refresher training,1
computer graphic,1
demand model,1
product engineering,1
operating cost,1
dry cleaning,1
packaging and labeling,1
electric utility,1
parallel processing,1
patent application,1
patient advocacy,1
patient education,1
edge device,1
economic system,1
earth system,1
early adopter,1
performance analysis,1
performance appraisal,1
dynamical system,1
dynamic programming,1
performance measurement,1
package development process,1
package delivery,1
organizational structure,1
emergency medicine,1
operating room,1
engineering management,1
employee survey,1
operational intelligence,1
operational risk,1
empirical evidence,1
optimal design,1
elk stack,1
emergency management,1
oracle cloud,1
emergency department,1
organizational change,1
organizational effectiveness,1
organizational leadership,1
due diligence,1
performance report,1
process validation,1
drug administration,1
digital pathology,1
preventive maintenance,1
pricing strategy,1
digital literacy,1
digital imaging,1
digital image,1
digital currency,1
detection limit,1
process analysis,1
desktop support,1
process flow diagram,1
design tool,1
design specification,1
design method,1
design consideration,1
digital skill,1
dimension table,1
precision agriculture,1
pharmacy benefit management,1
persistent storage,1
personal care,1
personal computer,1
personal protective equipment,1
document classification,1
personally identifiable information,1
phone interview,1
disability management,1
disease management,1
physical design,1
disaster recovery,1
disaster preparedness,1
pl sql,1
point of sale,1
3d animation,1
